{"0":{"0":0.5332267963,"1":0.8778479736,"2":0.5228426218,"3":0.1058615856,"4":0.9799039481,"5":0.0073571163,"6":0.0217092695,"7":0.8842012274,"8":0.16402613,"9":0.3658215022,"10":0.7054182514,"11":0.2048341066,"12":0.5716414755,"13":0.0400330307,"14":0.3457616576,"15":0.2688709723,"16":0.6291066867,"17":0.5000290484,"18":0.4714068548,"19":0.7535830301,"20":0.2003828329,"21":0.6662874907,"22":0.4005199952,"23":0.3357032833,"24":0.7796433251,"25":0.5407681353,"26":0.5188606835,"27":0.3464815201,"28":0.8365502065,"29":0.9465718501,"30":0.6957455496,"31":0.0599323898,"32":0.3344500068,"33":0.6751897143,"34":0.27583876,"35":0.7284778271,"36":0.0957063333,"37":0.3548970503,"38":0.2648230321,"39":0.7572703435,"40":0.4328926931,"41":0.0750381575,"42":0.3791033246,"43":0.2331899765,"44":0.7824189661,"45":0.7966716255,"46":0.5776041879,"47":0.4024146191,"48":0.4468873838,"49":0.5574689828,"50":0.89687454,"51":0.0393821084,"52":0.8141014728,"53":0.7300401542,"54":0.6658325857,"55":0.2908943388,"56":0.3520378166,"57":0.2485129214,"58":0.9083598644,"59":0.4632721663,"60":0.1790574513,"61":0.10543353,"62":0.5736990211,"63":0.3942649805,"64":0.9074440599,"65":0.599825117,"66":0.4001734024,"67":0.0194483309,"68":0.8532995993,"69":0.745245485,"70":0.9861505655,"71":0.1721980331,"72":0.7745629005,"73":0.7227331433,"74":0.2951866524,"75":0.773365491,"76":0.9092513795,"77":0.7082964868,"78":0.2525805275,"79":0.4465221401,"80":0.9208347036,"81":0.413308809,"82":0.1045732061,"83":0.4550060645,"84":0.2651083392,"85":0.3179248081,"86":0.0981419213,"87":0.1159603243,"88":0.6494238989,"89":0.1667662248,"90":0.0405285474,"91":0.2677407423,"92":0.8510233046,"93":0.031788042,"94":0.7925755954,"95":0.2843831007,"96":0.6094063363,"97":0.4608121076,"98":0.1830792936,"99":0.9152132616},"1":{"0":0.2656508316,"1":0.9732786075,"2":0.6915222524,"3":0.1012170734,"4":0.8408951654,"5":0.4907147447,"6":0.3610046741,"7":0.4218561249,"8":0.5989586685,"9":0.0499024797,"10":0.8060773761,"11":0.5230036644,"12":0.738439382,"13":0.0557185453,"14":0.2319618782,"15":0.862439256,"16":0.4649599009,"17":0.9399194479,"18":0.6742876193,"19":0.7984883548,"20":0.8608230268,"21":0.8742143175,"22":0.4012842985,"23":0.4238956916,"24":0.8538591946,"25":0.667999248,"26":0.0148469221,"27":0.0752356072,"28":0.3329422919,"29":0.5355528353,"30":0.2715930503,"31":0.3386771198,"32":0.4847671541,"33":0.0350236154,"34":0.9461395936,"35":0.8315548202,"36":0.9515662951,"37":0.4932956363,"38":0.2365919145,"39":0.9318160993,"40":0.7956655189,"41":0.7171926145,"42":0.7897510949,"43":0.686165578,"44":0.1260358071,"45":0.7543235367,"46":0.7175399024,"47":0.5861554607,"48":0.5797786148,"49":0.2082056724,"50":0.5031933459,"51":0.4474668778,"52":0.0038734962,"53":0.4885348861,"54":0.8163427431,"55":0.7643904825,"56":0.2229273936,"57":0.6996753986,"58":0.4145914585,"59":0.8921609757,"60":0.4493132631,"61":0.4425406534,"62":0.4605183834,"63":0.5817531125,"64":0.4437729182,"65":0.2745219937,"66":0.1383131865,"67":0.1369577176,"68":0.2562117868,"69":0.7738132415,"70":0.2734762625,"71":0.3812620746,"72":0.3800414405,"73":0.9212620408,"74":0.7472485112,"75":0.3360283411,"76":0.6495843845,"77":0.8338719745,"78":0.8595356895,"79":0.8113323487,"80":0.2570415451,"81":0.3642726344,"82":0.56637685,"83":0.2411941448,"84":0.8759162544,"85":0.8568085089,"86":0.0512442742,"87":0.0717297656,"88":0.6447970222,"89":0.6129795232,"90":0.8680295268,"91":0.5489236833,"92":0.1285349957,"93":0.0612139977,"94":0.0748266299,"95":0.7196248718,"96":0.3143955408,"97":0.1963234738,"98":0.991460489,"99":0.4642753279},"2":{"0":0.8083458117,"1":0.6464581864,"2":0.8951891237,"3":0.4540935292,"4":0.3699546702,"5":0.8772911514,"6":0.8239552991,"7":0.2645570969,"8":0.1531199144,"9":0.3349876725,"10":0.9358575164,"11":0.0753129278,"12":0.6754039411,"13":0.5244035765,"14":0.6443116714,"15":0.4335975719,"16":0.6260213713,"17":0.7654991122,"18":0.1894219411,"19":0.9603807414,"20":0.1805153462,"21":0.0649264578,"22":0.5594603842,"23":0.5020325951,"24":0.2495683654,"25":0.4016667822,"26":0.5988087261,"27":0.3003604139,"28":0.1003567658,"29":0.6951898085,"30":0.0427091084,"31":0.434696309,"32":0.9842344076,"33":0.525978405,"34":0.5726678292,"35":0.6478247349,"36":0.4940366825,"37":0.1633197431,"38":0.659369521,"39":0.7193024219,"40":0.9902756134,"41":0.2309408879,"42":0.8243533322,"43":0.7948096278,"44":0.7325682032,"45":0.9981661037,"46":0.9424044577,"47":0.3947141416,"48":0.560804378,"49":0.7497105986,"50":0.1938884725,"51":0.3262466968,"52":0.6121720167,"53":0.3101297196,"54":0.2866698363,"55":0.5942054976,"56":0.9072248314,"57":0.0529732852,"58":0.7702996025,"59":0.8002616398,"60":0.0304599075,"61":0.1999302858,"62":0.3897653954,"63":0.1878731326,"64":0.2951655708,"65":0.7948268915,"66":0.2805844476,"67":0.3377207058,"68":0.92415521,"69":0.5840921051,"70":0.5848261524,"71":0.4519575163,"72":0.1975350842,"73":0.9706815421,"74":0.3180278424,"75":0.3620282767,"76":0.9808630365,"77":0.8249942315,"78":0.2812771966,"79":0.8181813011,"80":0.7248701124,"81":0.3332691734,"82":0.4180325697,"83":0.2199256045,"84":0.0517331632,"85":0.6211508335,"86":0.4986582721,"87":0.6707373619,"88":0.8096806746,"89":0.1618419124,"90":0.3708073875,"91":0.6875682965,"92":0.9053970297,"93":0.8144624989,"94":0.091494226,"95":0.5601711364,"96":0.3177302868,"97":0.6534370944,"98":0.5788135399,"99":0.420480676}}