{"0":{"0":0.4622163532,"1":0.8299561647,"2":0.7931079879,"3":0.4143377216,"4":0.8036645609,"5":0.0370810681,"6":0.2857645328,"7":0.2805145044,"8":0.7124332597,"9":0.548959231,"10":0.364357457,"11":0.9762866193,"12":0.6317380813,"13":0.097955899,"14":0.4429943869,"15":0.9688196104,"16":0.3213925679,"17":0.4223647274,"18":0.1857279914,"19":0.3957208647,"20":0.3957975122,"21":0.5569683624,"22":0.2508271131,"23":0.3766073215,"24":0.9039311287,"25":0.7225927283,"26":0.8146694452,"27":0.1588713195,"28":0.4846058738,"29":0.9055031297,"30":0.9234817682,"31":0.0008577349,"32":0.9682564621,"33":0.2207810038,"34":0.9994557606,"35":0.0684950591,"36":0.8121094458,"37":0.4917404258,"38":0.5572611456,"39":0.7398849384,"40":0.3039665331,"41":0.6047820712,"42":0.9818898282,"43":0.2952745351,"44":0.4159082434,"45":0.6370052815,"46":0.1259086327,"47":0.3695440295,"48":0.8283231493,"49":0.021656511,"50":0.7567989753,"51":0.125979755,"52":0.244486814,"53":0.6361569528,"54":0.3465545399,"55":0.7200931675,"56":0.7469449421,"57":0.4533068057,"58":0.4192446944,"59":0.439026726,"60":0.0530196641,"61":0.6385994927,"62":0.7796799423,"63":0.8329670948,"64":0.8181743519,"65":0.0556361229,"66":0.2509576241,"67":0.9437353808,"68":0.9715232819,"69":0.3404581953,"70":0.4644837515,"71":0.2248083481,"72":0.2852517839,"73":0.2267750797,"74":0.3889281837,"75":0.8275876086,"76":0.4196557573,"77":0.7513232913,"78":0.1465664616,"79":0.6372225229,"80":0.3590932739,"81":0.0052701892,"82":0.8568212874,"83":0.098778907,"84":0.8920832379,"85":0.2448674773,"86":0.1068626832,"87":0.5509844012,"88":0.6759571172,"89":0.3613664038,"90":0.3399685545,"91":0.955245631,"92":0.3393289042,"93":0.9641410398,"94":0.8257267642,"95":0.0723852745,"96":0.01243245,"97":0.0030072037,"98":0.9164249117,"99":0.7428522859},"1":{"0":0.245177847,"1":0.8097224122,"2":0.7944529586,"3":0.6317567941,"4":0.2541065535,"5":0.1845106276,"6":0.8575006918,"7":0.4444353421,"8":0.5101189058,"9":0.6024019654,"10":0.4448835975,"11":0.668684733,"12":0.2879905157,"13":0.5372060317,"14":0.4817791371,"15":0.0793453975,"16":0.0872735584,"17":0.944521435,"18":0.3204769708,"19":0.8895031977,"20":0.2553710518,"21":0.8280223219,"22":0.7734571129,"23":0.9512783536,"24":0.4001297307,"25":0.5512500036,"26":0.5386894776,"27":0.6906630504,"28":0.794614696,"29":0.2725953303,"30":0.2084055841,"31":0.9056171107,"32":0.6543698589,"33":0.3187631121,"34":0.7561023372,"35":0.3883434544,"36":0.0889786232,"37":0.7557683793,"38":0.310365793,"39":0.9500139078,"40":0.1975800012,"41":0.6127535015,"42":0.966871439,"43":0.8747533263,"44":0.384220222,"45":0.4256870767,"46":0.0647075354,"47":0.4761991169,"48":0.6941470755,"49":0.5531979643,"50":0.4377652798,"51":0.8087667281,"52":0.6076794466,"53":0.7787118192,"54":0.5722020011,"55":0.7557201353,"56":0.2128896217,"57":0.9108159407,"58":0.7014069698,"59":0.5717580182,"60":0.4079903651,"61":0.1641112026,"62":0.9108612587,"63":0.6879982505,"64":0.4938251698,"65":0.6765894923,"66":0.78747408,"67":0.251947358,"68":0.5395996411,"69":0.9705111336,"70":0.6624724351,"71":0.2973226325,"72":0.4262078647,"73":0.0631760839,"74":0.218060849,"75":0.2976446253,"76":0.2651250194,"77":0.6672244471,"78":0.4587409663,"79":0.3375806661,"80":0.3862773411,"81":0.9862813337,"82":0.0203706119,"83":0.5230526362,"84":0.3215020833,"85":0.2095890852,"86":0.2713214521,"87":0.1199413383,"88":0.7369959995,"89":0.8898564582,"90":0.2715426066,"91":0.0636829235,"92":0.3885670558,"93":0.3959814511,"94":0.4022535375,"95":0.8987930769,"96":0.3947454926,"97":0.778570023,"98":0.3628808706,"99":0.9591602782},"2":{"0":0.0401606175,"1":0.7488387149,"2":0.9823283325,"3":0.28805742,"4":0.5712761002,"5":0.8143882166,"6":0.9710948511,"7":0.1611525401,"8":0.3518016286,"9":0.989917997,"10":0.9189587838,"11":0.5830976318,"12":0.0206804146,"13":0.8708550819,"14":0.4401469789,"15":0.0191255158,"16":0.4277960914,"17":0.7711612146,"18":0.868083786,"19":0.2621780595,"20":0.2735985875,"21":0.0976371589,"22":0.6794237772,"23":0.1835771909,"24":0.3819466989,"25":0.7320911819,"26":0.0004767754,"27":0.3880496784,"28":0.3613392215,"29":0.7740446929,"30":0.0325072909,"31":0.2072334492,"32":0.6145428523,"33":0.1288107589,"34":0.9450308665,"35":0.241941973,"36":0.8788990256,"37":0.8224705374,"38":0.1840510693,"39":0.359574632,"40":0.853828846,"41":0.1740828553,"42":0.1950983027,"43":0.3531194095,"44":0.8369122982,"45":0.7000380519,"46":0.8523784723,"47":0.302677724,"48":0.0160302337,"49":0.4587929156,"50":0.3986424553,"51":0.9506765646,"52":0.0682465495,"53":0.9947878921,"54":0.7086799972,"55":0.8321161953,"56":0.1472610605,"57":0.49714543,"58":0.1388307398,"59":0.3372285726,"60":0.8486028855,"61":0.7998012801,"62":0.8076724998,"63":0.2556153086,"64":0.2229426505,"65":0.7361480271,"66":0.0232393632,"67":0.9806942171,"68":0.5728166374,"69":0.2809352566,"70":0.2013055965,"71":0.7497690114,"72":0.6542668046,"73":0.0717596842,"74":0.8684329616,"75":0.3527092915,"76":0.4395831299,"77":0.5364195722,"78":0.97185702,"79":0.9805277786,"80":0.1962213794,"81":0.1516579986,"82":0.7705348436,"83":0.4527624332,"84":0.4385517377,"85":0.6407964861,"86":0.1996739179,"87":0.4805061168,"88":0.5197869061,"89":0.2202402727,"90":0.6918955654,"91":0.0176891471,"92":0.3967459637,"93":0.7887359124,"94":0.3535297335,"95":0.0939359603,"96":0.6122366003,"97":0.6349820701,"98":0.0814668608,"99":0.0905296945}}