{"0":{"0":0.248093155,"1":0.1245029627,"2":0.2709705654,"3":0.9530217749,"4":0.9249887962,"5":0.511282083,"6":0.7684300429,"7":0.6368401231,"8":0.3278680624,"9":0.2121541385,"10":0.8759414518,"11":0.4830873825,"12":0.1760962343,"13":0.6424044118,"14":0.0693245396,"15":0.3766473419,"16":0.6540512747,"17":0.4920911054,"18":0.8952956694,"19":0.3448186066,"20":0.3130482855,"21":0.3465663329,"22":0.4217885473,"23":0.2424401074,"24":0.9143829105,"25":0.3484366272,"26":0.4915425891,"27":0.4782032638,"28":0.797489853,"29":0.0178220911,"30":0.101387734,"31":0.7440546822,"32":0.2333372713,"33":0.4550508974,"34":0.2585627747,"35":0.9587711574,"36":0.739542523,"37":0.8177754072,"38":0.4037733435,"39":0.3515095539,"40":0.0081490151,"41":0.9561032712,"42":0.2708792038,"43":0.0590860133,"44":0.7845090405,"45":0.9238061399,"46":0.6553340416,"47":0.7060662454,"48":0.1876246182,"49":0.9147561552,"50":0.0018793645,"51":0.5146671775,"52":0.8441306883,"53":0.0343227937,"54":0.368222628,"55":0.6977377329,"56":0.5810116185,"57":0.399262889,"58":0.4530886677,"59":0.6471418114,"60":0.2105482119,"61":0.9677964931,"62":0.0474019388,"63":0.5523796646,"64":0.3741455506,"65":0.958656202,"66":0.0453156681,"67":0.2988798042,"68":0.5342209561,"69":0.4676753666,"70":0.4662080435,"71":0.406532687,"72":0.8960296327,"73":0.3253930867,"74":0.7288039559,"75":0.2988857735,"76":0.235771788,"77":0.5754008133,"78":0.7420733233,"79":0.6673945161,"80":0.5394562493,"81":0.6037950046,"82":0.0816365208,"83":0.2008878074,"84":0.6684740451,"85":0.3637417833,"86":0.1416022774,"87":0.0523005378,"88":0.8626310431,"89":0.0012497915,"90":0.5967771468,"91":0.1984210889,"92":0.3954884504,"93":0.2848179446,"94":0.6119049088,"95":0.4288918159,"96":0.2948361544,"97":0.9656068744,"98":0.709161807,"99":0.1905318437},"1":{"0":0.7261269581,"1":0.9963271425,"2":0.2118665716,"3":0.3466975377,"4":0.6565259396,"5":0.1212105137,"6":0.6265561527,"7":0.7649129072,"8":0.689407811,"9":0.9395903276,"10":0.9457881487,"11":0.6168677038,"12":0.5220767924,"13":0.3510188427,"14":0.4628043275,"15":0.5553711787,"16":0.3566837091,"17":0.5381778364,"18":0.1160990063,"19":0.5979373802,"20":0.7406397205,"21":0.5583198595,"22":0.3047372678,"23":0.4248179758,"24":0.4134199859,"25":0.9422763324,"26":0.279572338,"27":0.2875457084,"28":0.5500001204,"29":0.4623327181,"30":0.0438654532,"31":0.914944815,"32":0.6320432971,"33":0.1697125162,"34":0.7601058468,"35":0.1346798958,"36":0.4109792959,"37":0.0162854994,"38":0.0773373074,"39":0.8216531687,"40":0.4729959773,"41":0.1286076039,"42":0.4028001361,"43":0.8478561955,"44":0.9417459385,"45":0.0798778089,"46":0.0927074119,"47":0.6261455403,"48":0.3036669062,"49":0.6678244301,"50":0.0272159215,"51":0.3337344081,"52":0.7101445517,"53":0.4521274627,"54":0.5939770106,"55":0.2437691742,"56":0.5645688855,"57":0.8217132968,"58":0.1386897373,"59":0.0780136814,"60":0.9202256413,"61":0.0746538511,"62":0.8756350829,"63":0.1291900693,"64":0.8681273727,"65":0.5530261828,"66":0.875847129,"67":0.4896923191,"68":0.6169583503,"69":0.2173775483,"70":0.2576743774,"71":0.5910656863,"72":0.2200283745,"73":0.5065779645,"74":0.9849152452,"75":0.0390270748,"76":0.3781558334,"77":0.018271611,"78":0.9822134231,"79":0.8394851295,"80":0.2830154009,"81":0.8767592157,"82":0.8043421787,"83":0.2267674417,"84":0.145056754,"85":0.5591594552,"86":0.4128145344,"87":0.0895667244,"88":0.0680155426,"89":0.781854655,"90":0.4876088203,"91":0.6185936951,"92":0.9092937908,"93":0.0484240406,"94":0.8116224422,"95":0.9959095562,"96":0.0934691265,"97":0.925254739,"98":0.0198315749,"99":0.20072702},"2":{"0":0.8790879886,"1":0.724862566,"2":0.2710485993,"3":0.2553722123,"4":0.9741457652,"5":0.5701097673,"6":0.3366502488,"7":0.9214663817,"8":0.0658813073,"9":0.9904164235,"10":0.7696709439,"11":0.8545547707,"12":0.9001103729,"13":0.7190354675,"14":0.6752232237,"15":0.9412035959,"16":0.93390148,"17":0.9350228652,"18":0.7133243888,"19":0.4790518194,"20":0.0772832002,"21":0.38707389,"22":0.438532807,"23":0.8369398724,"24":0.5733271737,"25":0.138794161,"26":0.9602196454,"27":0.7550326813,"28":0.0240844551,"29":0.0298375676,"30":0.0378230103,"31":0.853319426,"32":0.9764242429,"33":0.4094849471,"34":0.1521347145,"35":0.9373770313,"36":0.88601382,"37":0.422625948,"38":0.5608895467,"39":0.0654856739,"40":0.0117241329,"41":0.7588181864,"42":0.6568684687,"43":0.9200107453,"44":0.2092697414,"45":0.3319558623,"46":0.3520823102,"47":0.1597424691,"48":0.4460197526,"49":0.627983836,"50":0.7906505537,"51":0.1284416436,"52":0.9587375865,"53":0.8498337087,"54":0.9590517732,"55":0.8867008891,"56":0.5288121007,"57":0.0597731964,"58":0.0739620901,"59":0.453028812,"60":0.3213047829,"61":0.8086815493,"62":0.3958114873,"63":0.5076843307,"64":0.8187723519,"65":0.0998160218,"66":0.2402226896,"67":0.6091972257,"68":0.6933507354,"69":0.9610940621,"70":0.3968898972,"71":0.3879566507,"72":0.9579567818,"73":0.2290076387,"74":0.7878332615,"75":0.1872931599,"76":0.9951688817,"77":0.6729964013,"78":0.8462606973,"79":0.597017939,"80":0.6589149276,"81":0.5085074315,"82":0.743118034,"83":0.7849887195,"84":0.1832654805,"85":0.8970043864,"86":0.8422149003,"87":0.0058606364,"88":0.6548031782,"89":0.6556382388,"90":0.8154362326,"91":0.215301766,"92":0.4480523238,"93":0.1534229119,"94":0.148330751,"95":0.2962725,"96":0.859705039,"97":0.9254000384,"98":0.5001479498,"99":0.7983906401}}