{"0":{"0":0.0432208274,"1":0.6662896467,"2":0.5056661954,"3":0.9286118768,"4":0.180398526,"5":0.7168614428,"6":0.0794330607,"7":0.4893704475,"8":0.5224279002,"9":0.2421723119,"10":0.5972236114,"11":0.9885839802,"12":0.5637448408,"13":0.803665465,"14":0.9197297175,"15":0.1036245233,"16":0.9265298312,"17":0.4924172896,"18":0.0592894344,"19":0.4878955716,"20":0.9259702038,"21":0.7653129127,"22":0.513873429,"23":0.320351459,"24":0.3553131431,"25":0.360932593,"26":0.924382361,"27":0.578711851,"28":0.4918865452,"29":0.7427394969,"30":0.872270489,"31":0.9308699413,"32":0.2779352207,"33":0.8489888805,"34":0.3607819539,"35":0.7491484643,"36":0.5781106157,"37":0.6782061443,"38":0.1027305211,"39":0.9778210518,"40":0.3701455947,"41":0.86751474,"42":0.1103869215,"43":0.1480157635,"44":0.4473310445,"45":0.4759949472,"46":0.9146762112,"47":0.5417471893,"48":0.0519698336,"49":0.546618467,"50":0.6666897944,"51":0.9802303644,"52":0.2179151396,"53":0.7764199942,"54":0.4663363321,"55":0.1074979679,"56":0.3131887149,"57":0.206508816,"58":0.2048284755,"59":0.8298502258,"60":0.4396128308,"61":0.0082905706,"62":0.0336218281,"63":0.9926941389,"64":0.7171056159,"65":0.1152044124,"66":0.15380498,"67":0.3984931541,"68":0.9740212678,"69":0.0643150947,"70":0.2674304504,"71":0.8112089594,"72":0.3401513489,"73":0.7381788122,"74":0.7382656472,"75":0.2084956227,"76":0.7973280161,"77":0.3649962119,"78":0.9838010076,"79":0.297306473,"80":0.006549148,"81":0.3060000862,"82":0.3726411569,"83":0.9127974039,"84":0.9762914818,"85":0.2643693676,"86":0.9757602294,"87":0.5176041072,"88":0.4129119145,"89":0.5781785503,"90":0.8857955134,"91":0.2757306233,"92":0.4783564011,"93":0.3531859766,"94":0.0761265115,"95":0.7649425928,"96":0.5770183477,"97":0.776564035,"98":0.8043613045,"99":0.3648416605},"1":{"0":0.2777821074,"1":0.8271953529,"2":0.1511864307,"3":0.9597320301,"4":0.1459353223,"5":0.2354207273,"6":0.9706648844,"7":0.5290043638,"8":0.0669395093,"9":0.9887847264,"10":0.6187943348,"11":0.9101116345,"12":0.4851543833,"13":0.9045654197,"14":0.5004636821,"15":0.3362814451,"16":0.6119830762,"17":0.8659142321,"18":0.8756277465,"19":0.6768739721,"20":0.1326944471,"21":0.8903086167,"22":0.6521999777,"23":0.6193443138,"24":0.3749254847,"25":0.8505405285,"26":0.7559912357,"27":0.6395755928,"28":0.0526634425,"29":0.1199835342,"30":0.9652955599,"31":0.8530697314,"32":0.6578573782,"33":0.8493491121,"34":0.1908050168,"35":0.6022619093,"36":0.1387764923,"37":0.7817085798,"38":0.7255821524,"39":0.1061788795,"40":0.9085195582,"41":0.1006471998,"42":0.7302180028,"43":0.5002154447,"44":0.4922275562,"45":0.0047292154,"46":0.5970833105,"47":0.9024076857,"48":0.5660647454,"49":0.1798054303,"50":0.9218761036,"51":0.0983697614,"52":0.5990154434,"53":0.1391743572,"54":0.2022786056,"55":0.0553651907,"56":0.3307834164,"57":0.5303053166,"58":0.1559405252,"59":0.7477888778,"60":0.1477664972,"61":0.13610552,"62":0.0847883724,"63":0.9267977512,"64":0.9982281882,"65":0.8765144709,"66":0.5133936133,"67":0.6039515428,"68":0.6950237741,"69":0.6389478875,"70":0.1368934945,"71":0.5447895568,"72":0.6780804874,"73":0.8183799842,"74":0.8934750212,"75":0.5973952816,"76":0.0842138666,"77":0.5234790988,"78":0.9768953834,"79":0.4801719568,"80":0.4403956662,"81":0.7120001467,"82":0.246616828,"83":0.3476633413,"84":0.5649850663,"85":0.4881123862,"86":0.7402632421,"87":0.3160946976,"88":0.441683962,"89":0.4671056625,"90":0.7368662996,"91":0.8145145549,"92":0.4069943226,"93":0.5749499801,"94":0.4074231628,"95":0.9619913252,"96":0.177056808,"97":0.8486881977,"98":0.0993730819,"99":0.0614663386},"2":{"0":0.6983639537,"1":0.3750719417,"2":0.9200011287,"3":0.088976583,"4":0.0702181299,"5":0.7916583628,"6":0.1307791659,"7":0.5689787064,"8":0.42758055,"9":0.5294575046,"10":0.2276543444,"11":0.0897507668,"12":0.1908605172,"13":0.110847412,"14":0.3330816042,"15":0.8362970065,"16":0.555459902,"17":0.4560756947,"18":0.5689319103,"19":0.0067918161,"20":0.8877913363,"21":0.8197965703,"22":0.555201913,"23":0.7026295586,"24":0.8000826046,"25":0.49990812,"26":0.0370690068,"27":0.3535492532,"28":0.1794376184,"29":0.8605972289,"30":0.348827087,"31":0.0825299682,"32":0.3313692911,"33":0.8935208654,"34":0.298264505,"35":0.9790734392,"36":0.3825792532,"37":0.055101894,"38":0.5323173678,"39":0.1875967272,"40":0.0522734802,"41":0.68273362,"42":0.220144694,"43":0.8165877519,"44":0.3083578072,"45":0.745589805,"46":0.28624055,"47":0.5428786124,"48":0.8205863801,"49":0.3364908252,"50":0.2428707499,"51":0.1967694435,"52":0.0454970753,"53":0.2330023643,"54":0.5353165367,"55":0.6296623904,"56":0.8465934811,"57":0.6654994736,"58":0.8729597025,"59":0.3843538453,"60":0.6001181417,"61":0.9993535373,"62":0.6400412555,"63":0.1827989423,"64":0.2294350632,"65":0.5244463934,"66":0.76524927,"67":0.7420652434,"68":0.2839920216,"69":0.5074234625,"70":0.7219875598,"71":0.6505255349,"72":0.8813381565,"73":0.0615207244,"74":0.0532850758,"75":0.259657314,"76":0.7447750038,"77":0.1121638321,"78":0.9221140186,"79":0.8765760221,"80":0.9887246492,"81":0.8454251567,"82":0.8935259269,"83":0.813709282,"84":0.4126314779,"85":0.3980416106,"86":0.854255499,"87":0.9855881868,"88":0.4894669684,"89":0.4018695621,"90":0.4997114041,"91":0.1666191358,"92":0.3014285123,"93":0.011788827,"94":0.3276323944,"95":0.9323233867,"96":0.1794578117,"97":0.4524665579,"98":0.3574786534,"99":0.1138969421}}