{"0":{"0":0.9630798601,"1":0.954209134,"2":0.1035680759,"3":0.2027935669,"4":0.2864960356,"5":0.906376008,"6":0.6959769219,"7":0.2170831228,"8":0.8503693793,"9":0.3377064564,"10":0.2078941753,"11":0.8601869201,"12":0.476551611,"13":0.1412765157,"14":0.4224530797,"15":0.0310928421,"16":0.6674481563,"17":0.3002937394,"18":0.0696122001,"19":0.4050149935,"20":0.2053677269,"21":0.4127295493,"22":0.8966765391,"23":0.1335833894,"24":0.7462659758,"25":0.61213969,"26":0.3552355091,"27":0.9557824692,"28":0.1392977556,"29":0.400095394,"30":0.4706691004,"31":0.0113258935,"32":0.4160064653,"33":0.5068185144,"34":0.2041653147,"35":0.1083229045,"36":0.1485607387,"37":0.9533367415,"38":0.3184706493,"39":0.5154701995,"40":0.5207433301,"41":0.2070291363,"42":0.6695619292,"43":0.4570660557,"44":0.3550100384,"45":0.9713925988,"46":0.292926176,"47":0.7926845005,"48":0.4701146577,"49":0.7001819832,"50":0.5523434922,"51":0.1274948585,"52":0.758711154,"53":0.8209212828,"54":0.5917557921,"55":0.5212725645,"56":0.3156726189,"57":0.9837885128,"58":0.0493205547,"59":0.6986639403,"60":0.5120505191,"61":0.7806972544,"62":0.8313217089,"63":0.1705820666,"64":0.9311529145,"65":0.2500631394,"66":0.3389053931,"67":0.9335286504,"68":0.5280921194,"69":0.4239690128,"70":0.6905886476,"71":0.1634957585,"72":0.1024740054,"73":0.0917795738,"74":0.8934875813,"75":0.8901770713,"76":0.3035630473,"77":0.86857675,"78":0.419545106,"79":0.6328097249,"80":0.288800424,"81":0.1770405335,"82":0.955469744,"83":0.8249527978,"84":0.3215960491,"85":0.3608230057,"86":0.276407208,"87":0.6629959765,"88":0.6829000571,"89":0.413139275,"90":0.5979781221,"91":0.4913677687,"92":0.2270479942,"93":0.2693640067,"94":0.7692392685,"95":0.9966653858,"96":0.7121307241,"97":0.6598692417,"98":0.0605027263,"99":0.3905017059},"1":{"0":0.1709736906,"1":0.3112389713,"2":0.4151277033,"3":0.5451215995,"4":0.9679001377,"5":0.9299741381,"6":0.5667855255,"7":0.204591822,"8":0.9146439425,"9":0.6991449243,"10":0.1269538925,"11":0.9633983223,"12":0.6622884023,"13":0.4980397693,"14":0.1296880488,"15":0.4386241421,"16":0.0515106897,"17":0.917317145,"18":0.0376388167,"19":0.1189737213,"20":0.8932002895,"21":0.6224007939,"22":0.0878212404,"23":0.6095830147,"24":0.9286538156,"25":0.0403593847,"26":0.8455192052,"27":0.5334554479,"28":0.9087964241,"29":0.1154039153,"30":0.1548157679,"31":0.1347670202,"32":0.4756555102,"33":0.7166635889,"34":0.540564886,"35":0.0721301821,"36":0.6800143399,"37":0.1606808995,"38":0.1779549373,"39":0.9012968576,"40":0.5134411751,"41":0.1078303554,"42":0.892816471,"43":0.0164280834,"44":0.6805646305,"45":0.6060232116,"46":0.9730061628,"47":0.2331723777,"48":0.9778592533,"49":0.1039204093,"50":0.5691177165,"51":0.2776001051,"52":0.1101927551,"53":0.0753529227,"54":0.4800463714,"55":0.7589512363,"56":0.1017981091,"57":0.9282612728,"58":0.752127891,"59":0.4592392107,"60":0.9531848502,"61":0.9593321423,"62":0.0847014343,"63":0.1791782491,"64":0.1975170938,"65":0.0471424259,"66":0.2758228441,"67":0.933964014,"68":0.1183429118,"69":0.0235209989,"70":0.3497759861,"71":0.1264049854,"72":0.3647518904,"73":0.2241170169,"74":0.3130632728,"75":0.7167366359,"76":0.5851607193,"77":0.1701739678,"78":0.8496341327,"79":0.6082959452,"80":0.3375268953,"81":0.0644979011,"82":0.1402134253,"83":0.060507099,"84":0.1435889779,"85":0.7866970376,"86":0.5144546474,"87":0.9851109567,"88":0.169957399,"89":0.4611837524,"90":0.7620642148,"91":0.1079027293,"92":0.0780623841,"93":0.2167519373,"94":0.0552771906,"95":0.4444684899,"96":0.5429784601,"97":0.3119167879,"98":0.4872180527,"99":0.892332699},"2":{"0":0.3937482834,"1":0.3460279172,"2":0.4110373709,"3":0.1454190045,"4":0.11939883,"5":0.3921029619,"6":0.7186667968,"7":0.8917583498,"8":0.2087911698,"9":0.1688915368,"10":0.629451579,"11":0.0996346939,"12":0.565453532,"13":0.9078567149,"14":0.607735608,"15":0.6838268064,"16":0.5045186983,"17":0.704742388,"18":0.0653021568,"19":0.8839795018,"20":0.8540890526,"21":0.1292435804,"22":0.4713922155,"23":0.1551306432,"24":0.685458118,"25":0.4680625116,"26":0.7114185002,"27":0.8652879172,"28":0.5480662015,"29":0.953304396,"30":0.8358646279,"31":0.5793009179,"32":0.90838229,"33":0.8220415218,"34":0.35805842,"35":0.7054086843,"36":0.7463106868,"37":0.7195573245,"38":0.7596607846,"39":0.4936907902,"40":0.0260619303,"41":0.8571105639,"42":0.1565886202,"43":0.914981802,"44":0.4036806502,"45":0.8068847315,"46":0.4059978813,"47":0.8263595571,"48":0.4396993404,"49":0.0234469656,"50":0.2935657776,"51":0.2718388049,"52":0.1957792374,"53":0.7207403435,"54":0.4197623686,"55":0.1366971712,"56":0.3473644725,"57":0.6084566662,"58":0.1217357673,"59":0.1867576221,"60":0.3894474578,"61":0.6428497843,"62":0.1538211457,"63":0.8293127725,"64":0.1513167327,"65":0.2380904138,"66":0.6051876761,"67":0.1544735643,"68":0.5822381845,"69":0.999050318,"70":0.9797422563,"71":0.4114506233,"72":0.4400287051,"73":0.1987100561,"74":0.0858294852,"75":0.4220709732,"76":0.8330047628,"77":0.8277041031,"78":0.96456474,"79":0.8077915501,"80":0.0691696214,"81":0.481938334,"82":0.2296919138,"83":0.2621876258,"84":0.6731480011,"85":0.8864616967,"86":0.1465009285,"87":0.7196520266,"88":0.5220805497,"89":0.7604944462,"90":0.2978760496,"91":0.4375298633,"92":0.8097648163,"93":0.2702712061,"94":0.4174248069,"95":0.6251556552,"96":0.4870223448,"97":0.7376633115,"98":0.6959575604,"99":0.4395190683}}