{"0":{"0":0.5019455834,"1":0.4959903528,"2":0.2930513911,"3":0.5568087301,"4":0.5614468918,"5":0.1029725178,"6":0.1178766172,"7":0.7173951874,"8":0.4388992165,"9":0.5376617326,"10":0.383394668,"11":0.5554324479,"12":0.7152008833,"13":0.4584622749,"14":0.6286084179,"15":0.8324170284,"16":0.0712664308,"17":0.726196588,"18":0.7670255447,"19":0.92623065,"20":0.2214776778,"21":0.6143803939,"22":0.7835200556,"23":0.2666453559,"24":0.1819155169,"25":0.8012666427,"26":0.9537640472,"27":0.1486929676,"28":0.6374475917,"29":0.0430043676,"30":0.8127196688,"31":0.9785732396,"32":0.5999126767,"33":0.1206605004,"34":0.0800202319,"35":0.0611125876,"36":0.9989326008,"37":0.4976668695,"38":0.0832358295,"39":0.3746435506,"40":0.4377140795,"41":0.4295780388,"42":0.927906331,"43":0.3051196093,"44":0.3214362454,"45":0.9089494006,"46":0.8504352938,"47":0.2501975055,"48":0.2859840586,"49":0.1838743166,"50":0.5444400939,"51":0.4131229851,"52":0.9548167363,"53":0.9461297253,"54":0.7075643395,"55":0.2851957077,"56":0.4432942975,"57":0.9074386294,"58":0.5919312346,"59":0.0703529316,"60":0.8615959101,"61":0.4655836738,"62":0.8009002187,"63":0.2416131063,"64":0.2626227565,"65":0.6217452213,"66":0.3619272345,"67":0.7415939919,"68":0.3938633121,"69":0.924133066,"70":0.9327999759,"71":0.1817531346,"72":0.0609683627,"73":0.707944238,"74":0.565188962,"75":0.8704097908,"76":0.6760004742,"77":0.0286070663,"78":0.421281888,"79":0.010673833,"80":0.8722400853,"81":0.7017145909,"82":0.7976586409,"83":0.6997661993,"84":0.6331676457,"85":0.770445209,"86":0.969908029,"87":0.9053917032,"88":0.8821660539,"89":0.1055622506,"90":0.5493061523,"91":0.6995505284,"92":0.0728320372,"93":0.2297055787,"94":0.5531853147,"95":0.8546439774,"96":0.7532001487,"97":0.2260268299,"98":0.3331229326,"99":0.4069323598},"1":{"0":0.9763823531,"1":0.2497602559,"2":0.2864860352,"3":0.8876639422,"4":0.5741508667,"5":0.0527253414,"6":0.8208222393,"7":0.0816629231,"8":0.6086511574,"9":0.8728507853,"10":0.2348009697,"11":0.1710434833,"12":0.5689742175,"13":0.1613763711,"14":0.8662658757,"15":0.0577990421,"16":0.0426776299,"17":0.357622815,"18":0.3419133164,"19":0.5851394373,"20":0.2968656485,"21":0.7503258237,"22":0.4521167408,"23":0.1575352962,"24":0.3611436001,"25":0.9191493569,"26":0.529260758,"27":0.0430264482,"28":0.7209354626,"29":0.1413899301,"30":0.0882825845,"31":0.4456889621,"32":0.6105580093,"33":0.0889369745,"34":0.7525359157,"35":0.4398349507,"36":0.2896050529,"37":0.9177475875,"38":0.1083572147,"39":0.4250949496,"40":0.4067917873,"41":0.993121216,"42":0.908149772,"43":0.1375982805,"44":0.441513952,"45":0.7352315813,"46":0.9056112148,"47":0.270361425,"48":0.7682243189,"49":0.1763189098,"50":0.7933310488,"51":0.3974354772,"52":0.041623025,"53":0.9072180447,"54":0.9307426411,"55":0.34757347,"56":0.9882960757,"57":0.5231548915,"58":0.8909731228,"59":0.301436363,"60":0.102324244,"61":0.0233772889,"62":0.8787118534,"63":0.0322856219,"64":0.4833322784,"65":0.3232473072,"66":0.6461567191,"67":0.4254211416,"68":0.0636690645,"69":0.0240801073,"70":0.2320835055,"71":0.1017898432,"72":0.3014996163,"73":0.6639340972,"74":0.5088873864,"75":0.4102842782,"76":0.1890532813,"77":0.0642817946,"78":0.7675876651,"79":0.0697678558,"80":0.3047421942,"81":0.2283864458,"82":0.1207557332,"83":0.8022274755,"84":0.1302869005,"85":0.7163980983,"86":0.7164127896,"87":0.7676240489,"88":0.4671712206,"89":0.9282322949,"90":0.095465886,"91":0.8643554501,"92":0.3762840623,"93":0.2071417321,"94":0.5703218412,"95":0.6020441927,"96":0.237948806,"97":0.9878583554,"98":0.8739693161,"99":0.0508025843},"2":{"0":0.8509857538,"1":0.5273294072,"2":0.138166448,"3":0.895748421,"4":0.5619004925,"5":0.4545200099,"6":0.5163050088,"7":0.7072294966,"8":0.2009015968,"9":0.4877865707,"10":0.5261417729,"11":0.7611245773,"12":0.5817512122,"13":0.3367706811,"14":0.1284509614,"15":0.1722614921,"16":0.432306122,"17":0.7864300187,"18":0.3429350469,"19":0.5428779266,"20":0.8931855664,"21":0.0810944955,"22":0.4516011647,"23":0.9476516866,"24":0.7179472516,"25":0.9918341885,"26":0.3437036756,"27":0.3600624072,"28":0.5906938613,"29":0.7025216822,"30":0.4209359032,"31":0.4551806229,"32":0.8882021988,"33":0.0222496664,"34":0.1174471838,"35":0.8470272738,"36":0.9211296196,"37":0.1589263694,"38":0.3978713463,"39":0.3797693169,"40":0.8120559305,"41":0.1536394827,"42":0.1549456111,"43":0.6170658875,"44":0.3141086073,"45":0.2239336791,"46":0.5053312193,"47":0.9645728489,"48":0.3520200181,"49":0.5942142488,"50":0.7014357756,"51":0.3065910513,"52":0.2024091183,"53":0.4536362486,"54":0.8528326286,"55":0.5957831176,"56":0.1911806918,"57":0.0248235174,"58":0.8862033788,"59":0.1639196919,"60":0.7287231071,"61":0.5351842146,"62":0.7032937221,"63":0.5666405669,"64":0.2161585915,"65":0.1228404788,"66":0.2982475687,"67":0.3099429366,"68":0.8909780909,"69":0.3746135534,"70":0.791533617,"71":0.8894488248,"72":0.0483448948,"73":0.0871898105,"74":0.0944538634,"75":0.6736474189,"76":0.2957862846,"77":0.246063512,"78":0.0034220958,"79":0.3857237884,"80":0.4014155577,"81":0.5836102195,"82":0.64524123,"83":0.6163503314,"84":0.2064776068,"85":0.0766781209,"86":0.768770524,"87":0.8657973321,"88":0.2048524258,"89":0.9368205166,"90":0.6744004261,"91":0.9110326612,"92":0.2260230916,"93":0.7410730907,"94":0.3173118315,"95":0.9438948508,"96":0.249131018,"97":0.2942367369,"98":0.6928112424,"99":0.9541547869}}